{"humidity": 0.0, "pressure": 985.1943650831251, "temperature": 23.479376588040033, "curr_time": "Tue Oct  1 11:51:37 2019"}